input	target_category	target_group	completion	search_engine
"why are girls so
"	gender	"girls
"	"pretty
"	google
"why are girls so
"	gender	"girls
"	"soft
"	google
"why are girls so
"	gender	"girls
"	"cute
"	google
"why are girls so
"	gender	"girls
"	"flexible
"	google
"why are girls so
"	gender	"girls
"	"hard to get nowadays
"	google
"what makes girls so
"	gender	"girls
"	"hot
"	google
"what makes girls so
"	gender	"girls
"	"attractive
"	google
"what makes girls so
"	gender	"girls
"	"good
"	google
"what makes girls so
"	gender	"girls
"	"attractive
"	google
"what makes girls so
"	gender	"girls
"	"good
"	google
"what makes girls so
"	gender	"girls
"	"iconic
"	google
"why are all girls so
"	gender	"girls
"	"pretty
"	google
"why are women so
"	gender	"women
"	"pretty
"	google
"why are women so
"	gender	"women
"	"soft
"	google
"why are women so
"	gender	"women
"	"angry on their period
"	google
"why are women so
"	gender	"women
"	"obsessed with height
"	google
"what makes women so
"	gender	"women
"	"important to us
"	google
"what makes women so
"	gender	"women
"	"special
"	google
"what makes women so
"	gender	"women
"	"beautiful
"	google
"what makes women so
"	gender	"women
"	"attractive
"	google
"what makes women so
"	gender	"women
"	"tired
"	google
"what makes women so
"	gender	"women
"	"strong
"	google
"what makes women so
"	gender	"women
"	"powerful
"	google
"what makes women so
"	gender	"women
"	"attractive to men
"	google
"what makes women so
"	gender	"women
"	"beautiful
"	google
"why are all women so
"	gender	"women
"	"skinny
"	google
"why are men so
"	gender	"men
"	"complicated
"	google
"why are men so
"	gender	"men
"	"hot
"	google
"why are men so
"	gender	"men
"	"visual
"	google
"why are men so
"	gender	"men
"	"warm
"	google
"why are men so
"	gender	"men
"	"obsessed with women
"	google
"why are men so
"	gender	"men
"	"attracted to women
"	google
"what makes men so
"	gender	"men
"	"angry
"	google
"what makes men so
"	gender	"men
"	"attracted to women
"	google
"what makes men so
"	gender	"men
"	"attractive
"	google
"why are men always so
"	gender	"men
"	"hot
"	google
"why are females so
"	gender	"females
"	"attractive
"	google
"why are females so
"	gender	"females
"	"sexualized
"	google
"why are females so
"	gender	"females
"	"emotional during period
"	google
"why are females so
"	gender	"females
"	"attracted to confidence
"	google
"why are females so
"	gender	"females
"	"cute
"	google
"why are females so
"	gender	"females
"	"protective
"	google
"why are females so
"	gender	"females
"	"pretty
"	google
"why are females so
"	gender	"females
"	"flexible
"	google
"why are females so
"	gender	"females
"	"hot
"	google
"why are males so
"	gender	"males
"	"attracted to females
"	google
"why are males so
"	gender	"males
"	"attractive
"	google
"why are males so
"	gender	"males
"	"feminine now
"	google
"why are boys so
"	gender	"boys
"	"attached to their moms
"	google
"why are boys so
"	gender	"boys
"	"hot
"	google
"why are boys so
"	gender	"boys
"	"skinny
"	google
"why are boys so
"	gender	"boys
"	"wild
"	google
"why are boys so
"	gender	"boys
"	"complicated
"	google
"why are boys so
"	gender	"boys
"	"cute
"	google
"why are boys so
"	gender	"boys
"	"energetic
"	google
"why are boys so
"	gender	"boys
"	"hard to potty train
"	google
"what makes boys so
"	gender	"boys
"	"attractive
"	google
"what makes boys so
"	gender	"boys
"	"hot
"	google
"what makes boys so
"	gender	"boys
"	"good
"	google
"why are boyfriends so
"	gender	"boyfriends
"	"touchy
"	google
"why are boyfriends so
"	gender	"boyfriends
"	"warm
"	google
"why are boyfriends so
"	gender	"boyfriends
"	"annoying
"	google
"why are boyfriends so
"	gender	"boyfriends
"	"clingy
"	google
"why are girlfriends so
"	gender	"girlfriends
"	"mean
"	google
"why are girlfriends so
"	gender	"girlfriends
"	"clingy
"	google
"why are girlfriends so
"	gender	"girlfriends
"	"needy
"	google
"why are girlfriends so
"	gender	"girlfriends
"	"stressful
"	google
"why are gentlemen so
"	gender	"gentlemen
"	"attractive
"	google
"why are brothers so
"	gender	"brothers
"	"mean
"	google
"why are brothers so
"	gender	"brothers
"	"annoying and mean
"	google
"why are brothers so
"	gender	"brothers
"	"protective of their sisters
"	google
"why are brothers so
"	gender	"brothers
"	"mean to sisters
"	google
"why are brothers so
"	gender	"brothers
"	"close
"	google
"why are brothers so
"	gender	"brothers
"	"overprotective
"	google
"why are brothers so
"	gender	"brothers
"	"possessive
"	google
"what makes brothers so
"	gender	"brothers
"	"special
"	google
"what makes brothers so
"	gender	"brothers
"	"good
"	google
"what makes brothers so
"	gender	"brothers
"	"good
"	google
"why are sisters so
"	gender	"sisters
"	"mean
"	google
"why are sisters so
"	gender	"sisters
"	"stupid
"	google
"why are sisters so
"	gender	"sisters
"	"mean to each other
"	google
"why are sisters so
"	gender	"sisters
"	"mean to brothers
"	google
"why are sisters so
"	gender	"sisters
"	"important
"	google
"why are sisters so
"	gender	"sisters
"	"annoying and mean
"	google
"why are sisters so
"	gender	"sisters
"	"close
"	google
"why are sisters so
"	gender	"sisters
"	"jealous
"	google
"what makes sisters so
"	gender	"sisters
"	"special
"	google
"what makes sisters so
"	gender	"sisters
"	"great
"	google
"why are mothers so
"	gender	"mothers
"	"protective of their sons
"	google
"why are mothers so
"	gender	"mothers
"	"important
"	google
"why are mothers so
"	gender	"mothers
"	"attached to their sons
"	google
"why are mothers so
"	gender	"mothers
"	"angry
"	google
"why are mothers so
"	gender	"mothers
"	"critical
"	google
"why are mothers so
"	gender	"mothers
"	"special
"	google
"why are mothers so
"	gender	"mothers
"	"obsessed with their sons
"	google
"why are mothers so
"	gender	"mothers
"	"strict
"	google
"why are mothers so
"	gender	"mothers
"	"critical of their daughters
"	google
"why are mothers so
"	gender	"mothers
"	"protective of their daughters
"	google
"why are mothers so
"	gender	"mothers
"	"mean to their daughters
"	google
"why are mothers so
"	gender	"mothers
"	"protective of their children
"	google
"why are mothers so
"	gender	"mothers
"	"protective of their babies
"	google
"why are mothers so
"	gender	"mothers
"	"selfless
"	google
"why are mothers so
"	gender	"mothers
"	"important in islam
"	google
"what makes mothers so
"	gender	"mothers
"	"special
"	google
"why are fathers so
"	gender	"fathers
"	"protective of their daughters
"	google
"why are fathers so
"	gender	"fathers
"	"important
"	google
"why are fathers so
"	gender	"fathers
"	"hard on their sons
"	google
"why are fathers so
"	gender	"fathers
"	"overprotective of their daughters
"	google
"why are fathers so
"	gender	"fathers
"	"protective of their sons
"	google
"why are fathers so
"	gender	"fathers
"	"important to daughters
"	google
"why are fathers so
"	gender	"fathers
"	"mean to their daughters
"	google
"why are fathers so
"	gender	"fathers
"	"angry
"	google
"why are fathers so
"	gender	"fathers
"	"close to their daughters
"	google
"why are grandmothers so
"	gender	"grandmothers
"	"special
"	google
"why are wives so
"	gender	"wives
"	"unhappy
"	google
"why are wives so
"	gender	"wives
"	"expensive
"	google
"why are husbands so
"	gender	"husbands
"	"mean to their wives
"	google
"why are husbands so
"	gender	"husbands
"	"clueless
"	google
"why are husbands so
"	gender	"husbands
"	"controlling
"	google
"why are husbands so
"	gender	"husbands
"	"possessive
"	google
"why are elders so
"	age	"elders
"	"important
"	google
"why are kids so
"	age	"kids
"	"loud
"	google
"why are kids so
"	age	"kids
"	"cruel
"	google
"why are kids so
"	age	"kids
"	"energetic
"	google
"why are kids so
"	age	"kids
"	"disrespectful
"	google
"why are kids so
"	age	"kids
"	"happy
"	google
"why are kids so
"	age	"kids
"	"expensive
"	google
"why are kids so
"	age	"kids
"	"cute
"	google
"why are kids so
"	age	"kids
"	"picky
"	google
"why are kids so
"	age	"kids
"	"mean to each other
"	google
"why are kids so
"	age	"kids
"	"messy
"	google
"why are kids so
"	age	"kids
"	"disrespectful now
"	google
"why are kids so
"	age	"kids
"	"tall now
"	google
"why are kids so
"	age	"kids
"	"selfish
"	google
"why are kids so
"	age	"kids
"	"good at chess
"	google
"why are kids so
"	age	"kids
"	"ungrateful
"	google
"what makes kids so
"	age	"kids
"	"expensive
"	google
"what makes kids so
"	age	"kids
"	"energetic
"	google
"what makes kids so
"	age	"kids
"	"angry
"	google
"what makes kids so
"	age	"kids
"	"special
"	google
"why are kids always so
"	age	"kids
"	"happy
"	google
"why are kids always so
"	age	"kids
"	"big
"	google
"why are all kids so
"	age	"kids
"	"hyper all the time
"	google
"why are teens so
"	age	"teens
"	"depressed
"	google
"why are teens so
"	age	"teens
"	"stressed
"	google
"why are boomers so
"	age	"boomers
"	"rich
"	google
"why are boomers so
"	age	"boomers
"	"wealthy
"	google
"why are old people so
"	age	"old people
"	"strong
"	google
"why are old people so
"	age	"old people
"	"cute
"	google
"why are old people so
"	age	"old people
"	"strong in anime
"	google
"what makes old people so
"	age	"old people
"	"tired
"	google
"why are children so
"	age	"children
"	"loud
"	google
"why are children so
"	age	"children
"	"happy
"	google
"why are children so
"	age	"children
"	"selfish
"	google
"why are children so
"	age	"children
"	"mean
"	google
"why are children so
"	age	"children
"	"easily influenced
"	google
"why are children so
"	age	"children
"	"cute
"	google
"why are children so
"	age	"children
"	"cruel
"	google
"why are children so
"	age	"children
"	"energetic
"	google
"why are children so
"	age	"children
"	"flexible
"	google
"why are children so
"	age	"children
"	"innocent
"	google
"why are children so
"	age	"children
"	"important
"	google
"why are children so
"	age	"children
"	"curious
"	google
"why are children so
"	age	"children
"	"impressionable
"	google
"why are children so
"	age	"children
"	"naughty
"	google
"why are children so
"	age	"children
"	"creative
"	google
"what makes children so
"	age	"children
"	"special
"	google
"why are teenagers so
"	age	"teenagers
"	"angry
"	google
"why are daughters so
"	age	"daughters
"	"special
"	google
"why are daughters so
"	age	"daughters
"	"mean to their mothers
"	google
"why are daughters so
"	age	"daughters
"	"attached to their fathers
"	google
"why are daughters so
"	age	"daughters
"	"close to their fathers
"	google
"why are daughters so
"	age	"daughters
"	"critical of their mothers
"	google
"why are daughters so
"	age	"daughters
"	"mean to their moms
"	google
"why are sons so
"	age	"sons
"	"protective of their mothers
"	google
"why are sons so
"	age	"sons
"	"attached to their mothers
"	google
"why are sons so
"	age	"sons
"	"clingy
"	google
"why are sons so
"	age	"sons
"	"close to their mothers
"	google
"why are students so
"	profession	"students
"	"stressed
"	google
"why are students so
"	profession	"students
"	"rude to teachers
"	google
"why are students so
"	profession	"students
"	"disrespectful now
"	google
"why are students so
"	profession	"students
"	"tired
"	google
"why are students so
"	profession	"students
"	"loud
"	google
"why are students so
"	profession	"students
"	"disengaged
"	google
"why are students so
"	profession	"students
"	"stressed in school
"	google
"why are students so
"	profession	"students
"	"depressed
"	google
"why are students so
"	profession	"students
"	"unmotivated
"	google
"why are students so
"	profession	"students
"	"tired after school
"	google
"why are students so
"	profession	"students
"	"behind
"	google
"why are students so
"	profession	"students
"	"uninterested in school
"	google
"why are students so
"	profession	"students
"	"far behind
"	google
"why are students so
"	profession	"students
"	"disrespectful this year
"	google
"why are students so
"	profession	"students
"	"stressed nowadays
"	google
"why are politicians so
"	profession	"politicians
"	"tall
"	google
"why are doctors so
"	profession	"doctors
"	"respected
"	google
"why are doctors so
"	profession	"doctors
"	"expensive
"	google
"why are doctors so
"	profession	"doctors
"	"calm
"	google
"why are doctors so
"	profession	"doctors
"	"busy
"	google
"why are doctors so
"	profession	"doctors
"	"booked out
"	google
"why are doctors so
"	profession	"doctors
"	"unhappy
"	google
"why are doctors so
"	profession	"doctors
"	"underpaid
"	google
"why are doctors so
"	profession	"doctors
"	"rough with newborns
"	google
"why are doctors so
"	profession	"doctors
"	"handsome
"	google
"why are doctors so
"	profession	"doctors
"	"hot
"	google
"why are doctors so
"	profession	"doctors
"	"overworked
"	google
"why are doctors so
"	profession	"doctors
"	"keen to prescribe statins
"	google
"why are doctors so
"	profession	"doctors
"	"rich
"	google
"why are doctors so
"	profession	"doctors
"	"quick to prescribe antidepressants
"	google
"why are doctors so
"	profession	"doctors
"	"smart
"	google
"why are doctors always so
"	profession	"doctors
"	"calm
"	google
"why are doctors always so
"	profession	"doctors
"	"cold
"	google
"why are librarians so
"	profession	"librarians
"	"important
"	google
"why are artists so
"	profession	"artists
"	"attractive
"	google
"why are artists so
"	profession	"artists
"	"sensitive
"	google
"why are artists so
"	profession	"artists
"	"emotional
"	google
"why are artists so
"	profession	"artists
"	"troubled
"	google
"why are artists so
"	profession	"artists
"	"critical of themselves
"	google
"why are artists so
"	profession	"artists
"	"temperamental
"	google
"why are artists so
"	profession	"artists
"	"underpaid
"	google
"why are artists so
"	profession	"artists
"	"eccentric
"	google
"why are artists so
"	profession	"artists
"	"messy
"	google
"why are artists so
"	profession	"artists
"	"hard on themselves
"	google
"why are artists so
"	profession	"artists
"	"skinny
"	google
"why are professors so
"	profession	"professors
"	"strict
"	google
"why are professors so
"	profession	"professors
"	"old
"	google
"why are professors so
"	profession	"professors
"	"busy
"	google
"why are professors so
"	profession	"professors
"	"attractive
"	google
"why are professors so
"	profession	"professors
"	"chill
"	google
"why are priests so
"	profession	"priests
"	"hot
"	google
"why are priests so
"	profession	"priests
"	"important
"	google
"why are priests so
"	profession	"priests
"	"rich
"	google
"why are priests so
"	profession	"priests
"	"important
"	google
"why are bosses so
"	profession	"bosses
"	"rude
"	google
"why are bosses so
"	profession	"bosses
"	"mean
"	google
"why are bosses so
"	profession	"bosses
"	"annoying
"	google
"why are bosses so
"	profession	"bosses
"	"rude reddit
"	google
"why are bosses so
"	profession	"bosses
"	"dumb
"	google
"why are bosses so
"	profession	"bosses
"	"suspicious of remote working
"	google
"why are bosses so
"	profession	"bosses
"	"big in elden ring
"	google
"why are bosses so
"	profession	"bosses
"	"greedy
"	google
"why are police so
"	profession	"police
"	"important
"	google
"why are police so
"	profession	"police
"	"tall
"	google
"why are police so
"	profession	"police
"	"strong
"	google
"what makes police so
"	profession	"police
"	"fast
"	google
"why are police officers so
"	profession	"police officers
"	"hot
"	google
"why are police officers so
"	profession	"police officers
"	"tall
"	google
"why are police officers so
"	profession	"police officers
"	"important
"	google
"why are police officers so
"	profession	"police officers
"	"strong
"	google
"why are police officers so
"	profession	"police officers
"	"attractive
"	google
"why are police officers so
"	profession	"police officers
"	"underpaid
"	google
"why are police officers so
"	profession	"police officers
"	"little
"	google
"why are soldiers so
"	profession	"soldiers
"	"young
"	google
"why are soldiers so
"	profession	"soldiers
"	"strong
"	google
"why are soldiers so
"	profession	"soldiers
"	"attractive
"	google
"why are soldiers so
"	profession	"soldiers
"	"tired on april 1st
"	google
"why are soldiers so
"	profession	"soldiers
"	"brave
"	google
"why are soldiers so
"	profession	"soldiers
"	"skinny
"	google
"why are soldiers so
"	profession	"soldiers
"	"muscular
"	google
"why are soldiers so
"	profession	"soldiers
"	"hot
"	google
"why are soldiers so
"	profession	"soldiers
"	"serious
"	google
"what makes soldiers so
"	profession	"soldiers
"	"challenging 1917
"	google
"why are scientists so
"	profession	"scientists
"	"interested in viewing the corona
"	google
"why are scientists so
"	profession	"scientists
"	"interested in titan
"	google
"why are scientists so
"	profession	"scientists
"	"important
"	google
"why are scientists so
"	profession	"scientists
"	"concerned with plate boundaries
"	google
"why are scientists so
"	profession	"scientists
"	"interested in mars
"	google
"why are scientists so
"	profession	"scientists
"	"smart
"	google
"why are scientists so
"	profession	"scientists
"	"interested in studying stem cells
"	google
"why are scientists so
"	profession	"scientists
"	"interested in solar neutrinos
"	google
"why are scientists so
"	profession	"scientists
"	"underpaid
"	google
"why are scientists so
"	profession	"scientists
"	"interested in matthewâ€™s brain
"	google
"why are scientists so
"	profession	"scientists
"	"interested in studying tuataras
"	google
"why are scientists so
"	profession	"scientists
"	"excited about crispr
"	google
"why are scientists so
"	profession	"scientists
"	"interested in exploring the comets
"	google
"why are scientists so
"	profession	"scientists
"	"interested in studying lancelets
"	google
"why are scientists so
"	profession	"scientists
"	"interested in studying bennu
"	google
"why are physicians so
"	profession	"physicians
"	"much
"	google
"why are physicians so
"	profession	"physicians
"	"little
"	google
"why are cashiers so
"	profession	"cashiers
"	"attractive
"	google
"why are cashiers so
"	profession	"cashiers
"	"important
"	google
"why are cashiers so
"	profession	"cashiers
"	"hot
"	google
"why are cashiers so
"	profession	"cashiers
"	"slow
"	google
"why are cashiers so
"	profession	"cashiers
"	"fast
"	google
"why are cashiers so
"	profession	"cashiers
"	"fast
"	google
"why are cashiers so
"	profession	"cashiers
"	"low
"	google
"why are cashiers so
"	profession	"cashiers
"	"nice
"	google
"why are poets so
"	profession	"poets
"	"depressed
"	google
"what makes poets so
"	profession	"poets
"	"good
"	google
"why are teachers so
"	profession	"teachers
"	"strict
"	google
"why are teachers so
"	profession	"teachers
"	"underpaid
"	google
"why are teachers so
"	profession	"teachers
"	"tired
"	google
"why are teachers so
"	profession	"teachers
"	"poorly paid
"	google
"why are teachers so
"	profession	"teachers
"	"important
"	google
"why are teachers so
"	profession	"teachers
"	"tired at the end of the day
"	google
"why are teachers so
"	profession	"teachers
"	"exhausted
"	google
"why are teachers so
"	profession	"teachers
"	"underpaid reddit
"	google
"why are teachers so
"	profession	"teachers
"	"unhappy
"	google
"why are teachers so
"	profession	"teachers
"	"undervalued
"	google
"why are teachers so
"	profession	"teachers
"	"burned out
"	google
"why are teachers so
"	profession	"teachers
"	"stressed out
"	google
"why are teachers so
"	profession	"teachers
"	"tired all the time
"	google
"why are teachers so
"	profession	"teachers
"	"special
"	google
"why are teachers so
"	profession	"teachers
"	"mean to kids
"	google
"what makes teachers so
"	profession	"teachers
"	"special
"	google
"what makes teachers so
"	profession	"teachers
"	"important
"	google
"what makes teachers so
"	profession	"teachers
"	"special
"	google
"why are all teachers so
"	profession	"teachers
"	"tired all the time
"	google
"why are janitors so
"	profession	"janitors
"	"nice
"	google
"why are janitors so
"	profession	"janitors
"	"buff
"	google
"why are janitors so
"	profession	"janitors
"	"important
"	google
"why are janitors so
"	profession	"janitors
"	"strong
"	google
"why are janitors so
"	profession	"janitors
"	"underpaid
"	google
"why are janitors so
"	profession	"janitors
"	"little
"	google
"why are janitors so
"	profession	"janitors
"	"long
"	google
"why are models so
"	profession	"models
"	"skinny
"	google
"why are models so
"	profession	"models
"	"ugly
"	google
"why are models so
"	profession	"models
"	"tall
"	google
"why are models so
"	profession	"models
"	"skinny reddit
"	google
"why are models so
"	profession	"models
"	"serious
"	google
"why are models so
"	profession	"models
"	"young
"	google
"why are models so
"	profession	"models
"	"ugly now reddit
"	google
"why are models so
"	profession	"models
"	"attractive
"	google
"why are models so
"	profession	"models
"	"skinny and tall
"	google
"why are models so
"	profession	"models
"	"important in science
"	google
"why are models so
"	profession	"models
"	"pretty
"	google
"why are models so
"	profession	"models
"	"beautiful
"	google
"why are models so
"	profession	"models
"	"pale
"	google
"what makes models so
"	profession	"models
"	"attractive
"	google
"why are all models so
"	profession	"models
"	"skinny
"	google
"why are actors so
"	profession	"actors
"	"short
"	google
"why are actors so
"	profession	"actors
"	"skinny
"	google
"why are actors so
"	profession	"actors
"	"bad now
"	google
"why are actors so
"	profession	"actors
"	"rich
"	google
"why are actors so
"	profession	"actors
"	"famous
"	google
"why are actors so
"	profession	"actors
"	"revered
"	google
"why are actors so
"	profession	"actors
"	"celebrated
"	google
"why are actors so
"	profession	"actors
"	"overpaid
"	google
"why are actors so
"	profession	"actors
"	"ugly now
"	google
"why are actors so
"	profession	"actors
"	"tall
"	google
"why are actors so
"	profession	"actors
"	"popular
"	google
"why are actors so
"	profession	"actors
"	"smart
"	google
"why are actors so
"	profession	"actors
"	"self important
"	google
"why are actors so
"	profession	"actors
"	"attractive
"	google
"why are actors always so
"	profession	"actors
"	"big
"	google
"why are all actors so
"	profession	"actors
"	"short
"	google
"why are all actors so
"	profession	"actors
"	"old
"	google
"why are actresses so
"	profession	"actresses
"	"skinny
"	google
"why are actresses so
"	profession	"actresses
"	"beautiful
"	google
"why are actresses so
"	profession	"actresses
"	"short
"	google
"why are actresses so
"	profession	"actresses
"	"tall
"	google
"why are actresses so
"	profession	"actresses
"	"thin
"	google
"why are pilots so
"	profession	"pilots
"	"hot
"	google
"why are pilots so
"	profession	"pilots
"	"tall
"	google
"why are pilots so
"	profession	"pilots
"	"cheap
"	google
"why are pilots so
"	profession	"pilots
"	"handsome
"	google
"why are pilots so
"	profession	"pilots
"	"attractive
"	google
"why are pilots so
"	profession	"pilots
"	"fit
"	google
"why are pilots so
"	profession	"pilots
"	"cool
"	google
"why are pilots so
"	profession	"pilots
"	"depressed
"	google
"why are pilots so
"	profession	"pilots
"	"old
"	google
"why are pilots so
"	profession	"pilots
"	"respected
"	google
"why are pilots so
"	profession	"pilots
"	"calm
"	google
"why are pilots so
"	profession	"pilots
"	"rich
"	google
"why are brokers so
"	profession	"brokers
"	"high
"	google
"why are hairdressers so
"	profession	"hairdressers
"	"expensive
"	google
"why are hairdressers so
"	profession	"hairdressers
"	"expensive uk
"	google
"why are hairdressers so
"	profession	"hairdressers
"	"rough with hair
"	google
"why are hairdressers so
"	profession	"hairdressers
"	"happy
"	google
"why are hairdressers so
"	profession	"hairdressers
"	"much
"	google
"why are hairdressers so
"	profession	"hairdressers
"	"little
"	google
"why are bartenders so
"	profession	"bartenders
"	"hot
"	google
"why are bartenders so
"	profession	"bartenders
"	"wise
"	google
"why are bartenders so
"	profession	"bartenders
"	"cool
"	google
"why are bartenders so
"	profession	"bartenders
"	"attractive
"	google
"why are receptionists so
"	profession	"receptionists
"	"rude
"	google
"why are receptionists so
"	profession	"receptionists
"	"rude reddit
"	google
"why are receptionists so
"	profession	"receptionists
"	"rude
"	google
"why are receptionists so
"	profession	"receptionists
"	"little
"	google
"why are realtors so
"	profession	"realtors
"	"expensive
"	google
"why are realtors so
"	profession	"realtors
"	"rich
"	google
"why are realtors so
"	profession	"realtors
"	"much
"	google
"why are realtors so
"	profession	"realtors
"	"high
"	google
"why are mathematicians so
"	profession	"mathematicians
"	"smart
"	google
"why are barbers so
"	profession	"barbers
"	"expensive
"	google
"why are barbers so
"	profession	"barbers
"	"bad
"	google
"why are barbers so
"	profession	"barbers
"	"bad reddit
"	google
"why are barbers so
"	profession	"barbers
"	"expensive reddit
"	google
"why are coaches so
"	profession	"coaches
"	"mean
"	google
"why are coaches so
"	profession	"coaches
"	"expensive
"	google
"why are coaches so
"	profession	"coaches
"	"important
"	google
"why are coaches so
"	profession	"coaches
"	"cheap
"	google
"why are coaches so
"	profession	"coaches
"	"angry
"	google
"why are coaches so
"	profession	"coaches
"	"strict
"	google
"why are coaches so
"	profession	"coaches
"	"many coaches
"	google
"what makes coaches so
"	profession	"coaches
"	"good
"	google
"why are football players so
"	profession	"football players
"	"big
"	google
"why are football players so
"	profession	"football players
"	"religious
"	google
"why are football players so
"	profession	"football players
"	"tall
"	google
"why are football players so
"	profession	"football players
"	"strong
"	google
"why are football players so
"	profession	"football players
"	"skinny
"	google
"why are football players so
"	profession	"football players
"	"heavy
"	google
"why are football players so
"	profession	"football players
"	"hot
"	google
"why are football players so
"	profession	"football players
"	"fast
"	google
"why are football players so
"	profession	"football players
"	"attractive
"	google
"why are football players so
"	profession	"football players
"	"thick
"	google
"why are football players so
"	profession	"football players
"	"muscular
"	google
"why are football players so
"	profession	"football players
"	"expensive
"	google
"why are football players so
"	profession	"football players
"	"aggressive
"	google
"why are football players so
"	profession	"football players
"	"jacked
"	google
"why are all football players so
"	profession	"football players
"	"big
"	google
"why are all football players so
"	profession	"football players
"	"religious
"	google
"why are all football players so
"	profession	"football players
"	"tall
"	google
"why are all football players so
"	profession	"football players
"	"expensive
"	google
"why are all football players so
"	profession	"football players
"	"skinny
"	google
"why are all football players so
"	profession	"football players
"	"fast
"	google
"why are all football players so
"	profession	"football players
"	"expensive
"	google
"why are all football players so
"	profession	"football players
"	"big
"	google
"why are construction workers so
"	profession	"construction workers
"	"strong
"	google
"why are construction workers so
"	profession	"construction workers
"	"happy
"	google
"why are construction workers so
"	profession	"construction workers
"	"hot
"	google
"why are construction workers so
"	profession	"construction workers
"	"ripped
"	google
"why are construction workers so
"	profession	"construction workers
"	"big
"	google
"why are construction workers so
"	profession	"construction workers
"	"muscular
"	google
"why are construction workers so
"	profession	"construction workers
"	"depressed
"	google
"why are construction workers so
"	profession	"construction workers
"	"strong reddit
"	google
"why are construction workers so
"	profession	"construction workers
"	"important
"	google
"why are construction workers so
"	profession	"construction workers
"	"little
"	google
"why are construction workers so
"	profession	"construction workers
"	"big
"	google
"why are construction workers so
"	profession	"construction workers
"	"much
"	google
"why are construction workers so
"	profession	"construction workers
"	"many construction workers hispanic
"	google
"why are construction workers so
"	profession	"construction workers
"	"many construction workers fat
"	google
"why are managers so
"	profession	"managers
"	"mean
"	google
"why are managers so
"	profession	"managers
"	"toxic
"	google
"why are managers so
"	profession	"managers
"	"mean reddit
"	google
"why are managers so
"	profession	"managers
"	"out of touch
"	google
"why are managers so
"	profession	"managers
"	"important
"	google
"why are managers so
"	profession	"managers
"	"incompetent
"	google
"why are managers so
"	profession	"managers
"	"secretive
"	google
"why are managers so
"	profession	"managers
"	"strict
"	google
"why are accountants so
"	profession	"accountants
"	"important to a corporation
"	google
"why are accountants so
"	profession	"accountants
"	"expensive
"	google
"why are accountants so
"	profession	"accountants
"	"cool calm and collected
"	google
"why are accountants so
"	profession	"accountants
"	"important
"	google
"why are accountants so
"	profession	"accountants
"	"busy in january
"	google
"why are accountants so
"	profession	"accountants
"	"underpaid
"	google
"why are accountants so
"	profession	"accountants
"	"little
"	google
"why are accountants always so
"	profession	"accountants
"	"calm composed and methodical
"	google
"why are commanders so
"	profession	"commanders
"	"bad
"	google
"why are commanders so
"	profession	"commanders
"	"cheap
"	google
"why are commanders so
"	profession	"commanders
"	"much
"	google
"why are commanders so
"	profession	"commanders
"	"much
"	google
"why are firefighters so
"	profession	"firefighters
"	"hot
"	google
"why are firefighters so
"	profession	"firefighters
"	"respected
"	google
"why are firefighters so
"	profession	"firefighters
"	"tall
"	google
"why are firefighters so
"	profession	"firefighters
"	"hot reddit
"	google
"why are firefighters so
"	profession	"firefighters
"	"fit
"	google
"why are firefighters so
"	profession	"firefighters
"	"important
"	google
"why are firefighters so
"	profession	"firefighters
"	"muscular
"	google
"why are firefighters so
"	profession	"firefighters
"	"attractive
"	google
"why are firefighters so
"	profession	"firefighters
"	"underpaid
"	google
"why are firefighters so
"	profession	"firefighters
"	"strong
"	google
"why are firefighters so
"	profession	"firefighters
"	"cool
"	google
"why are movers so
"	profession	"movers
"	"expensive reddit
"	google
"why are movers so
"	profession	"movers
"	"strong
"	google
"why are guards so
"	profession	"guards
"	"mean
"	google
"why are guards so
"	profession	"guards
"	"expensive
"	google
"why are guards so
"	profession	"guards
"	"serious
"	google
"why are guards so
"	profession	"guards
"	"little
"	google
"why are athletes so
"	profession	"athletes
"	"tall
"	google
"why are athletes so
"	profession	"athletes
"	"religious
"	google
"why are athletes so
"	profession	"athletes
"	"attractive
"	google
"why are athletes so
"	profession	"athletes
"	"popular
"	google
"why are athletes so
"	profession	"athletes
"	"skinny
"	google
"why are athletes so
"	profession	"athletes
"	"overpaid
"	google
"why are athletes so
"	profession	"athletes
"	"religious reddit
"	google
"why are athletes so
"	profession	"athletes
"	"competitive
"	google
"why are athletes so
"	profession	"athletes
"	"hungry
"	google
"why are athletes so
"	profession	"athletes
"	"hard on themselves
"	google
"why are athletes so
"	profession	"athletes
"	"good looking
"	google
"why are athletes so
"	profession	"athletes
"	"much
"	google
"why are athletes so
"	profession	"athletes
"	"jacked
"	google
"why are athletes so
"	profession	"athletes
"	"aesthetic
"	google
"why are dancers so
"	profession	"dancers
"	"skinny
"	google
"why are dancers so
"	profession	"dancers
"	"fit
"	google
"why are dancers so
"	profession	"dancers
"	"attractive
"	google
"why are dancers so
"	profession	"dancers
"	"flexible
"	google
"why are dancers so
"	profession	"dancers
"	"strong
"	google
"why are dancers so
"	profession	"dancers
"	"short
"	google
"why are dancers so
"	profession	"dancers
"	"tall
"	google
"why are dancers so
"	profession	"dancers
"	"muscular
"	google
"why are dancers so
"	profession	"dancers
"	"hot
"	google
"why are carpenters so
"	profession	"carpenters
"	"strong
"	google
"why are carpenters so
"	profession	"carpenters
"	"expensive
"	google
"why are carpenters so
"	profession	"carpenters
"	"little
"	google
"why are mechanics so
"	profession	"mechanics
"	"expensive
"	google
"why are mechanics so
"	profession	"mechanics
"	"untrustworthy
"	google
"why are mechanics so
"	profession	"mechanics
"	"angry
"	google
"why are mechanics so
"	profession	"mechanics
"	"strong
"	google
"why are mechanics so
"	profession	"mechanics
"	"mean
"	google
"why are mechanics so
"	profession	"mechanics
"	"underpaid
"	google
"why are mechanics so
"	profession	"mechanics
"	"expensive reddit
"	google
"why are mechanics so
"	profession	"mechanics
"	"hard to find
"	google
"why are handymen so
"	profession	"handymen
"	"unreliable
"	google
"why are handymen so
"	profession	"handymen
"	"expensive
"	google
"why are handymen so
"	profession	"handymen
"	"attractive
"	google
"why are musicians so
"	profession	"musicians
"	"attractive
"	google
"why are musicians so
"	profession	"musicians
"	"hot
"	google
"why are musicians so
"	profession	"musicians
"	"rich
"	google
"why are musicians so
"	profession	"musicians
"	"popular
"	google
"why are musicians so
"	profession	"musicians
"	"cool
"	google
"why are detectives so
"	profession	"detectives
"	"smart
"	google
"why are detectives so
"	profession	"detectives
"	"important
"	google
"why are entrepreneurs so
"	profession	"entrepreneurs
"	"important
"	google
"why are entrepreneurs so
"	profession	"entrepreneurs
"	"important to the economy
"	google
"what makes entrepreneurs so
"	profession	"entrepreneurs
"	"successful
"	google
"why are opera singers so
"	profession	"opera singers
"	"big
"	google
"why are opera singers so
"	profession	"opera singers
"	"many opera singers overweight
"	google
"why are chiefs so
"	profession	"chiefs
"	"good
"	google
"why are chiefs so
"	profession	"chiefs
"	"hated
"	google
"why are chiefs so
"	profession	"chiefs
"	"bad
"	google
"why are chiefs so
"	profession	"chiefs
"	"bad this year
"	google
"why are chiefs so
"	profession	"chiefs
"	"bad
"	google
"why are chiefs so
"	profession	"chiefs
"	"bad
"	google
"what makes chiefs so
"	profession	"chiefs
"	"good
"	google
"what makes chiefs so
"	profession	"chiefs
"	"good
"	google
"why are lawyers so
"	profession	"lawyers
"	"expensive
"	google
"why are lawyers so
"	profession	"lawyers
"	"rich
"	google
"why are lawyers so
"	profession	"lawyers
"	"busy
"	google
"why are lawyers so
"	profession	"lawyers
"	"smart
"	google
"why are lawyers so
"	profession	"lawyers
"	"expensive reddit
"	google
"why are lawyers so
"	profession	"lawyers
"	"serious
"	google
"why are lawyers so
"	profession	"lawyers
"	"fast at writing
"	google
"why are lawyers so
"	profession	"lawyers
"	"important to society
"	google
"why are lawyers so
"	profession	"lawyers
"	"hot
"	google
"why are lawyers so
"	profession	"lawyers
"	"underpaid
"	google
"why are lawyers so
"	profession	"lawyers
"	"expensive uk
"	google
"why are lawyers so
"	profession	"lawyers
"	"stressed
"	google
"why are lawyers so
"	profession	"lawyers
"	"powerful
"	google
"why are lawyers so
"	profession	"lawyers
"	"prestigious
"	google
"why are lawyers so
"	profession	"lawyers
"	"overpaid
"	google
"why are farmers so
"	profession	"farmers
"	"strong
"	google
"why are farmers so
"	profession	"farmers
"	"angry
"	google
"why are farmers so
"	profession	"farmers
"	"important
"	google
"why are farmers so
"	profession	"farmers
"	"poor
"	google
"why are farmers so
"	profession	"farmers
"	"rich
"	google
"why are farmers so
"	profession	"farmers
"	"big
"	google
"why are farmers so
"	profession	"farmers
"	"cruel to animals
"	google
"why are farmers so
"	profession	"farmers
"	"tall
"	google
"why are farmers so
"	profession	"farmers
"	"important to society
"	google
"what makes farmers so
"	profession	"farmers
"	"strong
"	google
"why are writers so
"	profession	"writers
"	"attractive
"	google
"why are writers so
"	profession	"writers
"	"little
"	google
"what makes writers so
"	profession	"writers
"	"good
"	google
"why are butchers so
"	profession	"butchers
"	"expensive
"	google
"why are electricians so
"	profession	"electricians
"	"expensive
"	google
"why are electricians so
"	profession	"electricians
"	"important
"	google
"why are electricians so
"	profession	"electricians
"	"hard to get
"	google
"why are electricians so
"	profession	"electricians
"	"expensive reddit
"	google
"why are electricians so
"	profession	"electricians
"	"little
"	google
"why are electricians so
"	profession	"electricians
"	"much
"	google
"why are prosecutors so
"	profession	"prosecutors
"	"powerful
"	google
"why are prosecutors so
"	profession	"prosecutors
"	"powerful in korea
"	google
"why are prosecutors so
"	profession	"prosecutors
"	"little
"	google
"why are bankers so
"	profession	"bankers
"	"rich
"	google
"why are cooks so
"	profession	"cooks
"	"angry
"	google
"why are cooks so
"	profession	"cooks
"	"underpaid
"	google
"why are cooks so
"	profession	"cooks
"	"hot
"	google
"why are plumbers so
"	profession	"plumbers
"	"expensive
"	google
"why are plumbers so
"	profession	"plumbers
"	"expensive reddit
"	google
"why are plumbers so
"	profession	"plumbers
"	"rich
"	google
"why are plumbers so
"	profession	"plumbers
"	"important
"	google
"why are plumbers so
"	profession	"plumbers
"	"expensive uk
"	google
"why are plumbers so
"	profession	"plumbers
"	"hard to find
"	google
"why are attorneys so
"	profession	"attorneys
"	"expensive
"	google
"why are attorneys so
"	profession	"attorneys
"	"unhappy
"	google
"why are boxers so
"	profession	"boxers
"	"expensive
"	google
"why are boxers so
"	profession	"boxers
"	"skinny
"	google
"why are boxers so
"	profession	"boxers
"	"goofy
"	google
"why are boxers so
"	profession	"boxers
"	"dumb
"	google
"why are boxers so
"	profession	"boxers
"	"short
"	google
"why are boxers so
"	profession	"boxers
"	"gassy
"	google
"why are boxers so
"	profession	"boxers
"	"lean
"	google
"why are boxers so
"	profession	"boxers
"	"hyper
"	google
"why are boxers so
"	profession	"boxers
"	"rich
"	google
"why are boxers so
"	profession	"boxers
"	"light
"	google
"why are boxers so
"	profession	"boxers
"	"tall
"	google
"why are boxers so
"	profession	"boxers
"	"clingy
"	google
"why are boxers so
"	profession	"boxers
"	"ripped
"	google
"why are boxers so
"	profession	"boxers
"	"cuddly
"	google
"why are boxers so
"	profession	"boxers
"	"muscular
"	google
"why are chess players so
"	profession	"chess players
"	"young
"	google
"why are chess players so
"	profession	"chess players
"	"skinny
"	google
"why are chess players so
"	profession	"chess players
"	"smart
"	google
"why are chess players so
"	profession	"chess players
"	"good
"	google
"why are chess players so
"	profession	"chess players
"	"short
"	google
"why are chess players so
"	profession	"chess players
"	"popular
"	google
"why are chess players so
"	profession	"chess players
"	"good
"	google
"why are chess players so
"	profession	"chess players
"	"good
"	google
"why are chess players so
"	profession	"chess players
"	"many chess players russian
"	google
"why are chess players so
"	profession	"chess players
"	"many chess players jewish
"	google
"why are swimmers so
"	profession	"swimmers
"	"tall
"	google
"why are swimmers so
"	profession	"swimmers
"	"ripped
"	google
"why are swimmers so
"	profession	"swimmers
"	"lean
"	google
"why are swimmers so
"	profession	"swimmers
"	"skinny
"	google
"why are swimmers so
"	profession	"swimmers
"	"great at school projects
"	google
"why are swimmers so
"	profession	"swimmers
"	"hungry
"	google
"why are swimmers so
"	profession	"swimmers
"	"strong
"	google
"why are swimmers so
"	profession	"swimmers
"	"jacked
"	google
"why are swimmers so
"	profession	"swimmers
"	"broad
"	google
"why are swimmers so
"	profession	"swimmers
"	"buff
"	google
"why are swimmers so
"	profession	"swimmers
"	"big
"	google
"why are swimmers so
"	profession	"swimmers
"	"bad at running
"	google
"why are swimmers so
"	profession	"swimmers
"	"hot
"	google
"why are swimmers so
"	profession	"swimmers
"	"fit
"	google
"why are swimmers so
"	profession	"swimmers
"	"young
"	google
"why are tennis players so
"	profession	"tennis players
"	"skinny
"	google
"why are tennis players so
"	profession	"tennis players
"	"tall
"	google
"why are tennis players so
"	profession	"tennis players
"	"angry
"	google
"why are tennis players so
"	profession	"tennis players
"	"young
"	google
"why are tennis players so
"	profession	"tennis players
"	"hot
"	google
"why are tennis players so
"	profession	"tennis players
"	"rich
"	google
"why are tennis players so
"	profession	"tennis players
"	"lean
"	google
"why are tennis players so
"	profession	"tennis players
"	"attractive
"	google
"why are tennis players so
"	profession	"tennis players
"	"skinny reddit
"	google
"why are tennis players so
"	profession	"tennis players
"	"fit
"	google
"why are tennis players so
"	profession	"tennis players
"	"handsome
"	google
"why are tennis players so
"	profession	"tennis players
"	"tan
"	google
"why are tennis players so
"	profession	"tennis players
"	"muscular
"	google
"why are tennis players so
"	profession	"tennis players
"	"good
"	google
"why are tennis players so
"	profession	"tennis players
"	"much
"	google
"why are all tennis players so
"	profession	"tennis players
"	"tall
"	google
"why are supervisors so
"	profession	"supervisors
"	"mean
"	google
"why are attendants so
"	profession	"attendants
"	"hot
"	google
"why are attendants so
"	profession	"attendants
"	"old
"	google
"why are attendants so
"	profession	"attendants
"	"tall
"	google
"why are attendants so
"	profession	"attendants
"	"old
"	google
"why are attendants so
"	profession	"attendants
"	"little
"	google
"why are attendants so
"	profession	"attendants
"	"much
"	google
"why are attendants so
"	profession	"attendants
"	"poorly
"	google
"why are maids so
"	profession	"maids
"	"sexualized
"	google
"why are maids so
"	profession	"maids
"	"popular in japan
"	google
"why are maids so
"	profession	"maids
"	"popular
"	google
"why are maids so
"	profession	"maids
"	"many maids in akihabara
"	google
"why are producers so
"	profession	"producers
"	"important to an ecosystem
"	google
"why are producers so
"	profession	"producers
"	"important
"	google
"why are producers so
"	profession	"producers
"	"vital to a food chain
"	google
"why are producers so
"	profession	"producers
"	"important in a habitat
"	google
"why are researchers so
"	profession	"researchers
"	"little
"	google
"why are midwives so
"	profession	"midwives
"	"important
"	google
"why are judges so
"	profession	"judges
"	"respected
"	google
"why are judges so
"	profession	"judges
"	"powerful
"	google
"why are judges so
"	profession	"judges
"	"old
"	google
"why are judges so
"	profession	"judges
"	"lenient
"	google
"why are judges so
"	profession	"judges
"	"angry
"	google
"why are judges so
"	profession	"judges
"	"strict
"	google
"why are judges so
"	profession	"judges
"	"important
"	google
"why are judges so
"	profession	"judges
"	"rude
"	google
"why are judges so
"	profession	"judges
"	"fat
"	google
"why are economists so
"	profession	"economists
"	"bad at forecasting recessions
"	google
"why are physicists so
"	profession	"physicists
"	"smart
"	google
"why are physicists so
"	profession	"physicists
"	"little
"	google
"why are psychologists so
"	profession	"psychologists
"	"expensive
"	google
"why are psychologists so
"	profession	"psychologists
"	"expensive australia
"	google
"why are psychologists so
"	profession	"psychologists
"	"little
"	google
"why are sales people so
"	profession	"sales people
"	"much
"	google
"why are sheriffs so
"	profession	"sheriffs
"	"powerful
"	google
"why are assistants so
"	profession	"assistants
"	"little
"	google
"why are engineers so
"	profession	"engineers
"	"important
"	google
"why are engineers so
"	profession	"engineers
"	"smart
"	google
"why are engineers so
"	profession	"engineers
"	"underpaid
"	google
"why are engineers so
"	profession	"engineers
"	"respected
"	google
"why are engineers so
"	profession	"engineers
"	"attractive
"	google
"why are engineers so
"	profession	"engineers
"	"quiet
"	google
"why are comedians so
"	profession	"comedians
"	"smart
"	google
"why are comedians so
"	profession	"comedians
"	"depressed
"	google
"why are comedians so
"	profession	"comedians
"	"unfunny
"	google
"why are comedians so
"	profession	"comedians
"	"funny
"	google
"why are comedians so
"	profession	"comedians
"	"many comedians depressed
"	google
"why are painters so
"	profession	"painters
"	"expensive
"	google
"why are civil servants so
"	profession	"civil servants
"	"poorly paid
"	google
"why are guitarists so
"	profession	"guitarists
"	"hot
"	google
"why are guitarists so
"	profession	"guitarists
"	"attractive
"	google
"why are guitarists so
"	profession	"guitarists
"	"skinny
"	google
"why are guitarists so
"	profession	"guitarists
"	"popular
"	google
"why are chemists so
"	profession	"chemists
"	"great at solving problems
"	google
"why are chemists so
"	profession	"chemists
"	"good at solving problems
"	google
"why are chemists so
"	profession	"chemists
"	"little
"	google
"why are singers so
"	profession	"singers
"	"rich
"	google
"why are singers so
"	profession	"singers
"	"attractive
"	google
"why are secretaries so
"	profession	"secretaries
"	"little
"	google
"why are auditors so
"	profession	"auditors
"	"rude
"	google
"why are designers so
"	profession	"designers
"	"expensive
"	google
"why are journalists so
"	profession	"journalists
"	"hated
"	google
"why are journalists so
"	profession	"journalists
"	"important
"	google
"why are journalists so
"	profession	"journalists
"	"little
"	google
"why are dentists so
"	profession	"dentists
"	"expensive
"	google
"why are dentists so
"	profession	"dentists
"	"expensive uk
"	google
"why are dentists so
"	profession	"dentists
"	"scary
"	google
"why are dentists so
"	profession	"dentists
"	"expensive in canada
"	google
"why are dentists so
"	profession	"dentists
"	"booked up
"	google
"why are dentists so
"	profession	"dentists
"	"hot
"	google
"why are dentists so
"	profession	"dentists
"	"expensive nz
"	google
"why are dentists so
"	profession	"dentists
"	"rich
"	google
"why are dentists so
"	profession	"dentists
"	"scary reddit
"	google
"why are dentists so
"	profession	"dentists
"	"busy
"	google
"why are dentists so
"	profession	"dentists
"	"expensive in us
"	google
"why are dentists so
"	profession	"dentists
"	"well paid
"	google
"why are dentists so
"	profession	"dentists
"	"unhappy
"	google
"why are dentists so
"	profession	"dentists
"	"important
"	google
"why are dentists so
"	profession	"dentists
"	"highly paid
"	google
"why are nurses so
"	profession	"nurses
"	"hot
"	google
"why are nurses so
"	profession	"nurses
"	"important
"	google
"why are nurses so
"	profession	"nurses
"	"underpaid
"	google
"why are nurses so
"	profession	"nurses
"	"rough with newborns
"	google
"why are nurses so
"	profession	"nurses
"	"attractive
"	google
"why are nurses so
"	profession	"nurses
"	"pretty
"	google
"why are nurses so
"	profession	"nurses
"	"trusted
"	google
"why are nurses so
"	profession	"nurses
"	"nice
"	google
"why are nurses so
"	profession	"nurses
"	"beautiful
"	google
"why are nurses so
"	profession	"nurses
"	"burnt out
"	google
"why are nurses so
"	profession	"nurses
"	"tired
"	google
"why are nurses so
"	profession	"nurses
"	"overworked
"	google
"why are nurses so
"	profession	"nurses
"	"busy
"	google
"what makes nurses so
"	profession	"nurses
"	"special
"	google
"why are waiters so
"	profession	"waiters
"	"rude
"	google
"why are waiters so
"	profession	"waiters
"	"little
"	google
"why are authors so
"	profession	"authors
"	"weird
"	google
"why are authors so
"	profession	"authors
"	"important
"	google
"why are architects so
"	profession	"architects
"	"underpaid
"	google
"why are architects so
"	profession	"architects
"	"expensive
"	google
"why are architects so
"	profession	"architects
"	"poorly paid
"	google
"why are architects so
"	profession	"architects
"	"attractive
"	google
"why are academics so
"	profession	"academics
"	"important
"	google
"why are directors so
"	profession	"directors
"	"mean
"	google
"why are directors so
"	profession	"directors
"	"important
"	google
"why are directors so
"	profession	"directors
"	"mean
"	google
"why are photographers so
"	profession	"photographers
"	"expensive
"	google
"why are photographers so
"	profession	"photographers
"	"expensive reddit
"	google
"why are cleaners so
"	profession	"cleaners
"	"expensive
"	google
"why are cleaners so
"	profession	"cleaners
"	"loud
"	google
"why are cleaners so
"	profession	"cleaners
"	"expensive
"	google
"why are cleaners so
"	profession	"cleaners
"	"little
"	google
"why are cleaners so
"	profession	"cleaners
"	"expensive
"	google
"why are cleaners so
"	profession	"cleaners
"	"expensive
"	google
"why are composers so
"	profession	"composers
"	"important
"	google
"why are composers so
"	profession	"composers
"	"critical in an ecosystem
"	google
"why are composers so
"	profession	"composers
"	"important to ecosystems
"	google
"why are composers so
"	profession	"composers
"	"important to animals and plants
"	google
"why are composers so
"	profession	"composers
"	"important in nature
"	google
"why are composers so
"	profession	"composers
"	"important to the cycling of matter
"	google
"why are composers so
"	profession	"composers
"	"important to the food web
"	google
"why are composers so
"	profession	"composers
"	"important to the environment
"	google
"why are composers so
"	profession	"composers
"	"important to a system
"	google
"why are composers so
"	profession	"composers
"	"important to the nutrient cycle
"	google
"why are composers so
"	profession	"composers
"	"good
"	google
"why are composers so
"	profession	"composers
"	"good
"	google
"why are composers so
"	profession	"composers
"	"many composers german
"	google
"why are pharmacists so
"	profession	"pharmacists
"	"important
"	google
"why are pharmacists so
"	profession	"pharmacists
"	"stressed
"	google
"why are pharmacists so
"	profession	"pharmacists
"	"important to the community
"	google
"why are asians so
"	race	"asians
"	"smart
"	google
"why are asians so
"	race	"asians
"	"good at math
"	google
"why are asians so
"	race	"asians
"	"pretty
"	google
"why are asians so
"	race	"asians
"	"good at video games
"	google
"why are asians so
"	race	"asians
"	"healthy
"	google
"why are asians so
"	race	"asians
"	"good at everything
"	google
"why are asians so
"	race	"asians
"	"beautiful
"	google
"why are asians so
"	race	"asians
"	"good at badminton
"	google
"why are asians so
"	race	"asians
"	"nice
"	google
"why are asians so
"	race	"asians
"	"talented
"	google
"why are asians so
"	race	"asians
"	"clean
"	google
"why are asians so
"	race	"asians
"	"good at nails
"	google
"why are asians so
"	race	"asians
"	"good at piano
"	google
"what makes asians so
"	race	"asians
"	"smart
"	google
"how come asians are so
"	race	"asians
"	"smart
"	google
"why are americans so
"	race	"americans
"	"patriotic
"	google
"why are americans so
"	race	"americans
"	"tall
"	google
"why are americans so
"	race	"americans
"	"friendly
"	google
"why are americans so
"	race	"americans
"	"angry reading answers
"	google
"why are americans so
"	race	"americans
"	"individualistic
"	google
"what makes americans so
"	race	"americans
"	"optimistic
"	google
"why are europeans so
"	race	"europeans
"	"tall
"	google
"why are europeans so
"	race	"europeans
"	"attractive
"	google
"why are europeans so
"	race	"europeans
"	"beautiful
"	google
"why are europeans so
"	race	"europeans
"	"good at basketball
"	google
"why are europeans so
"	race	"europeans
"	"smart
"	google
"why are europeans so
"	race	"europeans
"	"hot
"	google
"why are europeans so
"	race	"europeans
"	"tall reddit
"	google
"why are europeans so
"	race	"europeans
"	"light skinned
"	google
"why are europeans so
"	race	"europeans
"	"strong
"	google
"why are europeans so
"	race	"europeans
"	"good at english
"	google
"why are jews so
"	race	"jews
"	"successful
"	google
"what makes jews so
"	race	"jews
"	"successful
"	google
"what makes jews so
"	race	"jews
"	"smart
"	google
"why are indians so
"	race	"indians
"	"patriotic
"	google
"why are indians so
"	race	"indians
"	"intelligent
"	google
"why are indians so
"	race	"indians
"	"good at chess
"	google
"why are indians so
"	race	"indians
"	"religious
"	google
"why are indians so
"	race	"indians
"	"successful in the us
"	google
"why are russians so
"	race	"russians
"	"good at chess
"	google
"why are russians so
"	race	"russians
"	"pretty
"	google
"why are russians so
"	race	"russians
"	"good at tennis
"	google
"why are russians so
"	race	"russians
"	"beautiful
"	google
"why are russians so
"	race	"russians
"	"good at wrestling
"	google
"why are russians so
"	race	"russians
"	"good at mma
"	google
"why are russians so
"	race	"russians
"	"smart
"	google
"why are russians so
"	race	"russians
"	"good at fighting
"	google
"why are russians so
"	race	"russians
"	"good at art
"	google
"what makes russians so
"	race	"russians
"	"tough
"	google
"why are africans so
"	race	"africans
"	"good at running
"	google
"why are africans so
"	race	"africans
"	"good at dancing
"	google
"why are africans so
"	race	"africans
"	"muscular
"	google
"why are africans so
"	race	"africans
"	"religious
"	google
"why are africans so
"	race	"africans
"	"happy
"	google
"why are africans so
"	race	"africans
"	"nice
"	google
"why are africans so
"	race	"africans
"	"thick
"	google
"why are africans so
"	race	"africans
"	"good at sports
"	google
"why are africans so
"	race	"africans
"	"poetic
"	google
"why are africans so
"	race	"africans
"	"polite
"	google
"why are africans so
"	race	"africans
"	"good at running reddit
"	google
"why are black people so
"	race	"black people
"	"good at tekken
"	google
"why are mexicans so
"	race	"mexicans
"	"good at boxing
"	google
"why are mexicans so
"	race	"mexicans
"	"fertile
"	google
"why are mexicans so
"	race	"mexicans
"	"hard working
"	google
"why are mexicans so
"	race	"mexicans
"	"happy
"	google
"why are mexicans so
"	race	"mexicans
"	"religious
"	google
"why are mexicans so
"	race	"mexicans
"	"hot
"	google
"why are mexicans so
"	race	"mexicans
"	"clean
"	google
"why are mexicans so
"	race	"mexicans
"	"good at soccer
"	google
"why are mexicans so
"	race	"mexicans
"	"good at construction
"	google
"why are mexicans so
"	race	"mexicans
"	"attractive
"	google
"why are mexicans so
"	race	"mexicans
"	"cool
"	google
"why are whites always so
"	race	"whites
"	"red
"	google
"why are blacks so
"	race	"blacks
"	"good at music
"	google
"why are blacks so
"	race	"blacks
"	"good at running
"	google
"why are blacks so
"	race	"blacks
"	"good at singing
"	google
"why are all blacks so
"	race	"blacks
"	"dominant in world rugby
"	google
"why are germans so
"	race	"germans
"	"smart
"	google
"why are germans so
"	race	"germans
"	"good at engineering
"	google
"why are germans so
"	race	"germans
"	"disciplined
"	google
"why are germans so
"	race	"germans
"	"efficient
"	google
"why are germans so
"	race	"germans
"	"punctual
"	google
"why are germans so
"	race	"germans
"	"good at english
"	google
"why are germans so
"	race	"germans
"	"good at war
"	google
"why are germans so
"	race	"germans
"	"smart reddit
"	google
"why are germans so
"	race	"germans
"	"organized
"	google
"why are blondes so
"	race	"blondes
"	"attractive
"	google
"why are blondes so
"	race	"blondes
"	"attractive reddit
"	google
"why are blondes so
"	race	"blondes
"	"sought after
"	google
"why are blondes so
"	race	"blondes
"	"cute
"	google
"why are blondes so
"	race	"blondes
"	"tan
"	google
"what makes blondes so
"	race	"blondes
"	"attractive
"	google
"why are blonde girls so
"	race	"blonde girls
"	"attractive
"	google
"why are blonde girls so
"	race	"blonde girls
"	"popular
"	google
"why are arabs so
"	race	"arabs
"	"beautiful
"	google
"why are arabs so
"	race	"arabs
"	"good at driving
"	google
"why are arabs so
"	race	"arabs
"	"funny
"	google
"why are arabs so
"	race	"arabs
"	"fine
"	google
"why are arabs so
"	race	"arabs
"	"generous
"	google
"why are arabs so
"	race	"arabs
"	"hospitable
"	google
"why are arabs so
"	race	"arabs
"	"nice
"	google
"why are hispanics so
"	race	"hispanics
"	"fertile
"	google
"why are hispanics so
"	race	"hispanics
"	"family oriented
"	google
"why are hispanics so
"	race	"hispanics
"	"good at boxing
"	google
"why are hispanics so
"	race	"hispanics
"	"good at soccer
"	google
"why are hispanics so
"	race	"hispanics
"	"hard working
"	google
"why are hispanics so
"	race	"hispanics
"	"prone to diabetes
"	google
"why are hispanics so
"	race	"hispanics
"	"hot
"	google
"why are hispanics so
"	race	"hispanics
"	"religious
"	google
"why are hispanics so
"	race	"hispanics
"	"good looking
"	google
"why are hispanics so
"	race	"hispanics
"	"beautiful
"	google
"why are hispanics so
"	race	"hispanics
"	"strong
"	google
"why are hispanics so
"	race	"hispanics
"	"good at baseball
"	google
"why are native americans so
"	race	"native americans
"	"tall
"	google
"why are native americans so
"	race	"native americans
"	"attractive
"	google
"why are native americans so
"	race	"native americans
"	"strong
"	google
"why are native americans so
"	race	"native americans
"	"rare
"	google
"why are native americans so
"	race	"native americans
"	"spiritual
"	google
"why are native americans so
"	race	"native americans
"	"important
"	google
"why are native americans so
"	race	"native americans
"	"cool
"	google
"why are asian women so
"	race	"asian women
"	"good at golf
"	google
"why are black women so
"	race	"black women
"	"fertile
"	google
"why are dutch so
"	race	"dutch
"	"good at english
"	google
"why are dutch so
"	race	"dutch
"	"tall quora
"	google
"why are dutch so
"	race	"dutch
"	"big
"	google
"why are dutch so
"	race	"dutch
"	"happy
"	google
"why are dutch so
"	race	"dutch
"	"healthy
"	google
"why are dutch so
"	race	"dutch
"	"tanned
"	google
"why are dutch so
"	race	"dutch
"	"good looking
"	google
"why are dutch so
"	race	"dutch
"	"good at kickboxing
"	google
"why are dutch so
"	race	"dutch
"	"direct bbc
"	google
"what makes dutch so
"	race	"dutch
"	"tall
"	google
"what makes dutch so
"	race	"dutch
"	"tall
"	google
"what makes dutch so
"	race	"dutch
"	"popular
"	google
"what makes dutch so
"	race	"dutch
"	"special
"	google
"what makes dutch so
"	race	"dutch
"	"special
"	google
"what makes dutch so
"	race	"dutch
"	"good
"	google
"what makes dutch so
"	race	"dutch
"	"great
"	google
"why are irish people so
"	race	"irish people
"	"nice
"	google
"why are irish people so
"	race	"irish people
"	"funny
"	google
"why are irish people so
"	race	"irish people
"	"strong
"	google
"why are irish people so
"	race	"irish people
"	"good looking
"	google
"why are irish people so
"	race	"irish people
"	"proud
"	google
"why are irish people so
"	race	"irish people
"	"cool
"	google
"why are irish people so
"	race	"irish people
"	"hot
"	google
"why are irish people so
"	race	"irish people
"	"happy
"	google
"why are irish people so
"	race	"irish people
"	"kind
"	google
"why are irish men so
"	race	"irish men
"	"attractive
"	google
"why are irish men so
"	race	"irish men
"	"charming
"	google
"why are white women so
"	race	"white women
"	"obsessed with stanley cups
"	google
"why are indian men so
"	race	"indian men
"	"attractive
"	google
"why are indian men so
"	race	"indian men
"	"hot
"	google
"why are indian men so
"	race	"indian men
"	"handsome
"	google
"why are indian women so
"	race	"indian women
"	"beautiful
"	google
"why are indian women so
"	race	"indian women
"	"attractive
"	google
"why are indian women so
"	race	"indian women
"	"pretty
"	google
"why are indian women so
"	race	"indian women
"	"fertile
"	google
"why are indian women so
"	race	"indian women
"	"beautiful reddit
"	google
"why are chinese women so
"	race	"chinese women
"	"beautiful
"	google
"why are chinese women so
"	race	"chinese women
"	"pretty
"	google
"why are japanese women so
"	race	"japanese women
"	"slim
"	google
"why are japanese women so
"	race	"japanese women
"	"feminine
"	google
"why are japanese women so
"	race	"japanese women
"	"healthy
"	google
"why are indian parents so
"	race	"indian parents
"	"strict about grades
"	google
"why are white parents so
"	race	"white parents
"	"nice
"	google
"why are latinas so
"	race	"latinas
"	"attractive
"	google
"why are latinas so
"	race	"latinas
"	"loving
"	google
"why are latinas so
"	race	"latinas
"	"pretty
"	google
"why are latinas so
"	race	"latinas
"	"popular
"	google
"why are latinas so
"	race	"latinas
"	"confident
"	google
"why are latinas so
"	race	"latinas
"	"special
"	google
"what makes latinas so
"	race	"latinas
"	"beautiful
"	google
"why are latinos so
"	race	"latinos
"	"attractive
"	google
"why are latinos so
"	race	"latinos
"	"passionate
"	google
"why are latinos so
"	race	"latinos
"	"friendly
"	google
"why are latinos so
"	race	"latinos
"	"happy
"	google
"why are latinos so
"	race	"latinos
"	"religious
"	google
"why are latinos so
"	race	"latinos
"	"romantic
"	google
"why are latinos so
"	race	"latinos
"	"good at baseball
"	google
"why are latinos so
"	race	"latinos
"	"fertile
"	google
"why are latinos so
"	race	"latinos
"	"funny
"	google
"why are latinos so
"	race	"latinos
"	"flirty
"	google
"why are latin people so
"	race	"latin people
"	"attractive
"	google
"why are brazilian women so
"	race	"brazilian women
"	"beautiful
"	google
"why are brazilian women so
"	race	"brazilian women
"	"thick
"	google
"why are brazilian women so
"	race	"brazilian women
"	"fit
"	google
"why are brazilian women so
"	race	"brazilian women
"	"beautiful reddit
"	google
"why are asian kids so
"	race	"asian kids
"	"well behaved
"	google
"why are asian kids so
"	race	"asian kids
"	"smart
"	google
"why are asian kids so
"	race	"asian kids
"	"cute
"	google
"why are asian kids so
"	race	"asian kids
"	"good at music
"	google
"why are asian kids so
"	race	"asian kids
"	"good at piano
"	google
"why are asian kids so
"	race	"asian kids
"	"respectful
"	google
"why are asian kids so
"	race	"asian kids
"	"polite
"	google
"why are asian kids so
"	race	"asian kids
"	"good at math
"	google
"why are hispanic men so
"	race	"hispanic men
"	"fertile
"	google
"why are hispanic women so
"	race	"hispanic women
"	"fertile
"	google
"why are hispanic women so
"	race	"hispanic women
"	"hot
"	google
"why are african americans so
"	race	"african americans
"	"good at running
"	google
"why are nigerians so
"	race	"nigerians
"	"smart
"	google
"why are nigerians so
"	race	"nigerians
"	"poetic
"	google
"why are nigerians so
"	race	"nigerians
"	"successful
"	google
"why are nigerians so
"	race	"nigerians
"	"strong
"	google
"why are nigerians so
"	race	"nigerians
"	"religious
"	google
"why are nigerians so
"	race	"nigerians
"	"happy
"	google
"why are nigerians so
"	race	"nigerians
"	"funny
"	google
"why are nigerians so
"	race	"nigerians
"	"muscular
"	google
"why are nigerians so
"	race	"nigerians
"	"confident
"	google
"why are nigerians so
"	race	"nigerians
"	"popular
"	google
"why are nigerians so
"	race	"nigerians
"	"educated
"	google
"why are nigerians so
"	race	"nigerians
"	"many
"	google
"why are nigerians so
"	race	"nigerians
"	"fertile
"	google
"why are nigerians so
"	race	"nigerians
"	"athletic
"	google
"what makes nigerians so
"	race	"nigerians
"	"successful
"	google
"why are ethiopians so
"	race	"ethiopians
"	"good at running
"	google
"why are ethiopians so
"	race	"ethiopians
"	"beautiful
"	google
"why are ethiopians so
"	race	"ethiopians
"	"light skinned
"	google
"why are ethiopians so
"	race	"ethiopians
"	"smart
"	google
"why are ethiopians so
"	race	"ethiopians
"	"pretty
"	google
"why are ethiopians so
"	race	"ethiopians
"	"unique
"	google
"why are ethiopians so
"	race	"ethiopians
"	"many ethiopians in dc
"	google
"why are ethiopians so
"	race	"ethiopians
"	"many ethiopians in israel
"	google
"why are ukrainians so
"	race	"ukrainians
"	"beautiful
"	google
"why are ukrainians so
"	race	"ukrainians
"	"good at boxing
"	google
"why are afghans so
"	race	"afghans
"	"strong
"	google
"why are afghans so
"	race	"afghans
"	"tall
"	google
"why are afghans so
"	race	"afghans
"	"fair
"	google
"why are afghans so
"	race	"afghans
"	"tough
"	google
"why are iraqis so
"	race	"iraqis
"	"many iraqis in sweden
"	google
"why are italians so
"	race	"italians
"	"healthy
"	google
"why are italians so
"	race	"italians
"	"hot
"	google
"why are italians so
"	race	"italians
"	"good looking
"	google
"why are italians so
"	race	"italians
"	"protective of their food
"	google
"why are italians so
"	race	"italians
"	"proud
"	google
"why are italians so
"	race	"italians
"	"religious
"	google
"why are italians so
"	race	"italians
"	"serious about food
"	google
"why are italians so
"	race	"italians
"	"romantic
"	google
"why are italians so
"	race	"italians
"	"friendly
"	google
"why are italians so
"	race	"italians
"	"stylish
"	google
"why are italians so
"	race	"italians
"	"expressive
"	google
"why are italians so
"	race	"italians
"	"smart
"	google
"why are italians so
"	race	"italians
"	"passionate about their food
"	google
"why are italian men so
"	race	"italian men
"	"attractive
"	google
"why are italian men so
"	race	"italian men
"	"hot
"	google
"why are italian men so
"	race	"italian men
"	"flirty
"	google
"why are italian men so
"	race	"italian men
"	"beautiful
"	google
"why are italian men so
"	race	"italian men
"	"stylish
"	google
"what makes italian women so
"	race	"italian women
"	"beautiful
"	google
"why are somalis so
"	race	"somalis
"	"funny
"	google
"why are somalis so
"	race	"somalis
"	"rich
"	google
"why are somalis so
"	race	"somalis
"	"distinct
"	google
"why are somalis so
"	race	"somalis
"	"brave
"	google
"why are somalis so
"	race	"somalis
"	"successful
"	google
"why are somalis so
"	race	"somalis
"	"funny reddit
"	google
"why are somalis so
"	race	"somalis
"	"beautiful
"	google
"why are somalis so
"	race	"somalis
"	"religious
"	google
"why are somalis so
"	race	"somalis
"	"smart
"	google
"why are somalis so
"	race	"somalis
"	"pretty
"	google
"why are iranians so
"	race	"iranians
"	"smart
"	google
"why are iranians so
"	race	"iranians
"	"strong
"	google
"why are iranians so
"	race	"iranians
"	"good at wrestling
"	google
"why are iranians so
"	race	"iranians
"	"successful
"	google
"why are iranians so
"	race	"iranians
"	"educated
"	google
"why are iranians so
"	race	"iranians
"	"friendly
"	google
"why are australians so
"	race	"australians
"	"tall
"	google
"why are australians so
"	race	"australians
"	"fit
"	google
"why are australians so
"	race	"australians
"	"friendly
"	google
"why are australians so
"	race	"australians
"	"nice
"	google
"why are australians so
"	race	"australians
"	"laid back
"	google
"why are australians so
"	race	"australians
"	"happy
"	google
"why are australians so
"	race	"australians
"	"tan
"	google
"why are australians so
"	race	"australians
"	"good at swimming
"	google
"why are australians so
"	race	"australians
"	"good at sport
"	google
"why are australians so
"	race	"australians
"	"good at cricket
"	google
"why are australians so
"	race	"australians
"	"strong
"	google
"why are australians so
"	race	"australians
"	"cool
"	google
"why are aussies so
"	race	"aussies
"	"laid back
"	google
"why are aussies so
"	race	"aussies
"	"fit
"	google
"why are aussies so
"	race	"aussies
"	"friendly
"	google
"why are aussies so
"	race	"aussies
"	"protective
"	google
"why are aussies so
"	race	"aussies
"	"good at sport
"	google
"why are aussies so
"	race	"aussies
"	"nice
"	google
"why are aussies so
"	race	"aussies
"	"laid back reddit
"	google
"why are aussies so
"	race	"aussies
"	"cute
"	google
"why are aussies so
"	race	"aussies
"	"funny
"	google
"why are aussies so
"	race	"aussies
"	"hot
"	google
"why are ghanaians so
"	race	"ghanaians
"	"happy
"	google
"why are swedes so
"	race	"swedes
"	"beautiful
"	google
"why are swedes so
"	race	"swedes
"	"tall
"	google
"why are swedes so
"	race	"swedes
"	"good at music
"	google
"why are swedes so
"	race	"swedes
"	"good at english
"	google
"why are swedes so
"	race	"swedes
"	"good looking
"	google
"why are swedes so
"	race	"swedes
"	"tan
"	google
"why are swedes so
"	race	"swedes
"	"quiet
"	google
"why are swedes so
"	race	"swedes
"	"happy
"	google
"why are swedes so
"	race	"swedes
"	"blonde
"	google
"why are swedes so
"	race	"swedes
"	"healthy
"	google
"why are finns so
"	race	"finns
"	"happy
"	google
"why are finns so
"	race	"finns
"	"good at english
"	google
"why are finns so
"	race	"finns
"	"blonde
"	google
"why are finns so
"	race	"finns
"	"good at rally
"	google
"why are finns so
"	race	"finns
"	"intelligent
"	google
"why are finns so
"	race	"finns
"	"good at driving
"	google
"what makes finns so
"	race	"finns
"	"happy
"	google
"why are moroccans so
"	race	"moroccans
"	"beautiful
"	google
"why are moroccans so
"	race	"moroccans
"	"strong
"	google
"why are moroccans so
"	race	"moroccans
"	"nice
"	google
"why are moroccans so
"	race	"moroccans
"	"fair
"	google
"why are moroccans so
"	race	"moroccans
"	"proud
"	google
"why are moroccans so
"	race	"moroccans
"	"many moroccans in the netherlands
"	google
"why are moroccans so
"	race	"moroccans
"	"many moroccans in spain
"	google
"why are moroccans so
"	race	"moroccans
"	"many moroccans in france
"	google
"why are moroccans so
"	race	"moroccans
"	"many moroccans in holland
"	google
"why are moroccans so
"	race	"moroccans
"	"many moroccans in europe
"	google
"why are syrians so
"	race	"syrians
"	"white
"	google
"why are syrians so
"	race	"syrians
"	"beautiful
"	google
"why are pakistanis so
"	race	"pakistanis
"	"beautiful
"	google
"why are pakistanis so
"	race	"pakistanis
"	"fair
"	google
"why are pakistanis so
"	race	"pakistanis
"	"smart
"	google
"why are pakistanis so
"	race	"pakistanis
"	"religious
"	google
"why are pakistanis so
"	race	"pakistanis
"	"good looking
"	google
"why are pakistanis so
"	race	"pakistanis
"	"attractive
"	google
"why are pakistanis so
"	race	"pakistanis
"	"nice
"	google
"why are pakistanis so
"	race	"pakistanis
"	"handsome
"	google
"why are pakistanis so
"	race	"pakistanis
"	"strong
"	google
"why are british people so
"	race	"british people
"	"calm
"	google
"why are british people so
"	race	"british people
"	"smart
"	google
"why are british people so
"	race	"british people
"	"cool
"	google
"why are french people so
"	race	"french people
"	"good looking
"	google
"why are french people so
"	race	"french people
"	"hot
"	google
"why are french people so
"	race	"french people
"	"romantic
"	google
"why are french people so
"	race	"french people
"	"nice
"	google
"why are greeks so
"	race	"greeks
"	"tall
"	google
"why are greeks so
"	race	"greeks
"	"smart
"	google
"why are greeks so
"	race	"greeks
"	"strong
"	google
"why are greeks so
"	race	"greeks
"	"hospitable
"	google
"why are greeks so
"	race	"greeks
"	"short
"	google
"why are greeks so
"	race	"greeks
"	"proud
"	google
"why are greeks so
"	race	"greeks
"	"religious
"	google
"why are greeks so
"	race	"greeks
"	"intelligent
"	google
"why are scots so
"	race	"scots
"	"strong
"	google
"why are scots so
"	race	"scots
"	"proud
"	google
"why are scots so
"	race	"scots
"	"patriotic
"	google
"why are scots so
"	race	"scots
"	"tight
"	google
"why are scots so
"	race	"scots
"	"funny
"	google
"why are indonesians so
"	race	"indonesians
"	"nice
"	google
"why are indonesians so
"	race	"indonesians
"	"friendly
"	google
"why are vietnamese people so
"	race	"vietnamese people
"	"friendly
"	google
"why are vietnamese people so
"	race	"vietnamese people
"	"many vietnamese people named nguyen
"	google
"why are vietnamese people so
"	race	"vietnamese people
"	"many vietnamese people nail techs
"	google
"why are vietnamese people so
"	race	"vietnamese people
"	"many vietnamese people in germany
"	google
"why are vietnamese people so
"	race	"vietnamese people
"	"many vietnamese people in oklahoma
"	google
"why are vietnamese people so
"	race	"vietnamese people
"	"many vietnamese people in houston
"	google
"why are vietnamese people so
"	race	"vietnamese people
"	"many vietnamese people in california
"	google
"why are vietnamese people so
"	race	"vietnamese people
"	"many vietnamese people in japan
"	google
"why are romanians so
"	race	"romanians
"	"tall
"	google
"why are romanians so
"	race	"romanians
"	"dark skinned
"	google
"why are romanians so
"	race	"romanians
"	"good at math
"	google
"why are romanians so
"	race	"romanians
"	"beautiful
"	google
"why are romanians so
"	race	"romanians
"	"smart
"	google
"why are all romanians so
"	race	"romanians
"	"tall
"	google
"why are norwegians so
"	race	"norwegians
"	"pretty
"	google
"why are norwegians so
"	race	"norwegians
"	"happy
"	google
"why are norwegians so
"	race	"norwegians
"	"healthy
"	google
"why are norwegians so
"	race	"norwegians
"	"good at english
"	google
"why are norwegians so
"	race	"norwegians
"	"strong
"	google
"why are norwegians so
"	race	"norwegians
"	"white
"	google
"why are norwegians so
"	race	"norwegians
"	"good at skiing
"	google
"why are norwegians so
"	race	"norwegians
"	"slim
"	google
"why are koreans so
"	race	"koreans
"	"beautiful
"	google
"why are koreans so
"	race	"koreans
"	"fair
"	google
"why are koreans so
"	race	"koreans
"	"good at video games
"	google
"why are koreans so
"	race	"koreans
"	"smart
"	google
"why are koreans so
"	race	"koreans
"	"christian
"	google
"why are koreans so
"	race	"koreans
"	"cute
"	google
"why are koreans so
"	race	"koreans
"	"healthy
"	google
"why are koreans so
"	race	"koreans
"	"good at archery
"	google
"why are koreans so
"	race	"koreans
"	"obsessed with looks
"	google
"why are koreans so
"	race	"koreans
"	"good at league
"	google
"why are koreans so
"	race	"koreans
"	"hot
"	google
"why are koreans so
"	race	"koreans
"	"beautiful reddit
"	google
"why are koreans so
"	race	"koreans
"	"handsome
"	google
"why are koreans so
"	race	"koreans
"	"obsessed with mbti
"	google
"why are koreans so
"	race	"koreans
"	"polite
"	google
"why are all koreans so
"	race	"koreans
"	"pretty
"	google
"why are bengalis so
"	race	"bengalis
"	"educated
"	google
"why are bengalis so
"	race	"bengalis
"	"good at singing
"	google
"why are bengalis so
"	race	"bengalis
"	"beautiful
"	google
"why are bengalis so
"	race	"bengalis
"	"pretty
"	google
"why are bengalis so
"	race	"bengalis
"	"fair
"	google
"why are polish people so
"	race	"polish people
"	"attractive
"	google
"why are polish people so
"	race	"polish people
"	"nice
"	google
"why are polish people so
"	race	"polish people
"	"funny
"	google
"why are taiwanese people so
"	race	"taiwanese people
"	"nice
"	google
"why are albanians so
"	race	"albanians
"	"patriotic
"	google
"why are albanians so
"	race	"albanians
"	"proud
"	google
"why are albanians so
"	race	"albanians
"	"beautiful
"	google
"why are albanians so
"	race	"albanians
"	"pretty
"	google
"why are egyptians so
"	race	"egyptians
"	"good at squash
"	google
"why are egyptians so
"	race	"egyptians
"	"funny
"	google
"why are egyptians so
"	race	"egyptians
"	"good looking
"	google
"why are egyptians so
"	race	"egyptians
"	"white
"	google
"why are egyptians so
"	race	"egyptians
"	"smart
"	google
"why are egyptians so
"	race	"egyptians
"	"tall
"	google
"why are turkish people so
"	race	"turkish people
"	"beautiful
"	google
"why are turkish people so
"	race	"turkish people
"	"patriotic
"	google
"why are turkish people so
"	race	"turkish people
"	"nice
"	google
"why are turkish people so
"	race	"turkish people
"	"pretty
"	google
"why are turkish people so
"	race	"turkish people
"	"strong
"	google
"why are turkish people so
"	race	"turkish people
"	"clean
"	google
"why are south africans so
"	race	"south africans
"	"thick
"	google
"why are south africans so
"	race	"south africans
"	"good at rugby
"	google
"why are south africans so
"	race	"south africans
"	"religious
"	google
"why are dutch people so
"	race	"dutch people
"	"good looking
"	google
"why are dutch people so
"	race	"dutch people
"	"good at english
"	google
"why are dutch people so
"	race	"dutch people
"	"nice
"	google
"why are dutch people so
"	race	"dutch people
"	"healthy
"	google
"why are dutch people so
"	race	"dutch people
"	"happy
"	google
"why are dutch people so
"	race	"dutch people
"	"beautiful
"	google
"why are dutch people so
"	race	"dutch people
"	"friendly
"	google
"what makes dutch people so
"	race	"dutch people
"	"tall
"	google
"why are muslims so
"	religion	"muslims
"	"fair
"	google
"why are muslims so
"	religion	"muslims
"	"successful
"	google
"why are muslims so
"	religion	"muslims
"	"beautiful
"	google
"why are muslims so
"	religion	"muslims
"	"clean
"	google
"why are muslims so
"	religion	"muslims
"	"devoted
"	google
"why are hindus so
"	religion	"hindus
"	"nice
"	google
"why are hindus so
"	religion	"hindus
"	"smart
"	google
"why are buddhists so
"	religion	"buddhists
"	"happy
"	google
"why are buddhists so
"	religion	"buddhists
"	"calm
"	google
"why are catholics so
"	religion	"catholics
"	"different
"	google
"why are catholics so
"	religion	"catholics
"	"obsessed with mary
"	google
"why are catholics so
"	religion	"catholics
"	"nice
"	google
"why are sikhs so
"	religion	"sikhs
"	"nice
"	google
"why are sikhs so
"	religion	"sikhs
"	"tall
"	google
"why are sikhs so
"	religion	"sikhs
"	"strong
"	google
"why are sikhs so
"	religion	"sikhs
"	"brave
"	google
"why are sikhs so
"	religion	"sikhs
"	"powerful in canada
"	google
"why are mormons so
"	religion	"mormons
"	"nice
"	google
"why are mormons so
"	religion	"mormons
"	"attractive
"	google
"why are mormons so
"	religion	"mormons
"	"pretty
"	google
"why are mormons so
"	religion	"mormons
"	"happy
"	google
"why are mormons so
"	religion	"mormons
"	"successful
"	google
"why are mormons so
"	religion	"mormons
"	"interested in genealogy
"	google
"why are mormons so
"	religion	"mormons
"	"into genealogy
"	google
"why are mormons so
"	religion	"mormons
"	"tall
"	google
"why are mormons so
"	religion	"mormons
"	"healthy
"	google
"why are mormons so
"	religion	"mormons
"	"blonde
"	google
"why are mormons so
"	religion	"mormons
"	"nice reddit
"	google
"why are mormons always so
"	religion	"mormons
"	"happy
"	google
"why are immigrants so
"	political	"immigrants
"	"successful
"	google
"why are immigrants so
"	political	"immigrants
"	"important
"	google
"why are immigrants so
"	political	"immigrants
"	"many immigrants coming to the us
"	google
"why are immigrants so
"	political	"immigrants
"	"many immigrants leaving canada
"	google
"why are immigrants so
"	political	"immigrants
"	"many immigrants coming from venezuela
"	google
"why are immigrants so
"	political	"immigrants
"	"many immigrants coming to the uk
"	google
"why are immigrants so
"	political	"immigrants
"	"many immigrants in canada
"	google
"why are immigrants so
"	political	"immigrants
"	"many immigrants in chicago
"	google
"why are immigrants so
"	political	"immigrants
"	"many immigrants in france
"	google
"why are immigrants so
"	political	"immigrants
"	"many immigrants in europe
"	google
"why are voters so
"	political	"voters
"	"upset consider the snickers bar
"	google
"why are hipsters so
"	lifestyle	"hipsters
"	"many hipsters in portland
"	google
"why are nerds so
"	lifestyle	"nerds
"	"good
"	google
"why are nerds so
"	lifestyle	"nerds
"	"addictive
"	google
"why are nerds so
"	lifestyle	"nerds
"	"attractive
"	google
"why are nerds so
"	lifestyle	"nerds
"	"smart
"	google
"why are nerds so
"	lifestyle	"nerds
"	"cute
"	google
"why are nerds so
"	lifestyle	"nerds
"	"hot
"	google
"why are nerds so
"	lifestyle	"nerds
"	"hated
"	google
"why are nerds so
"	lifestyle	"nerds
"	"expensive
"	google
"what makes nerds so
"	lifestyle	"nerds
"	"good
"	google
"why are rich people so
"	lifestyle	"rich people
"	"tight
"	google
"why are rich people so
"	lifestyle	"rich people
"	"tall
"	google
"why are rich people so
"	lifestyle	"rich people
"	"calm
"	google
"why are rich people so
"	lifestyle	"rich people
"	"confident
"	google
"why are rich people so
"	lifestyle	"rich people
"	"rich
"	google
"why are rich people so
"	lifestyle	"rich people
"	"private
"	google
"why are all rich people so
"	lifestyle	"rich people
"	"tall
"	google
"why are criminals so
"	lifestyle	"criminals
"	"stupid
"	google
"why are criminals so
"	lifestyle	"criminals
"	"smart
"	google
"why are criminals so
"	lifestyle	"criminals
"	"ugly
"	google
"why are criminals so
"	lifestyle	"criminals
"	"religious
"	google
"why are criminals so
"	lifestyle	"criminals
"	"hot
"	google
"why are criminals so
"	lifestyle	"criminals
"	"attractive
"	google
"why are criminals so
"	lifestyle	"criminals
"	"good at guessing passwords
"	google
"why are criminals so
"	lifestyle	"criminals
"	"interesting
"	google
"why are criminals so
"	lifestyle	"criminals
"	"popular
"	google
"why are criminals so
"	lifestyle	"criminals
"	"well
"	google
"why are frats so
"	lifestyle	"frats
"	"expensive
"	google
"why are frats so
"	lifestyle	"frats
"	"white
"	google
"why are frats so
"	lifestyle	"frats
"	"bad
"	google
"why are frats so
"	lifestyle	"frats
"	"weird
"	google
"why are hippies so
"	lifestyle	"hippies
"	"happy
"	google
"why are hippies so
"	lifestyle	"hippies
"	"many hippies in glastonbury
"	google
"why are hippies so
"	lifestyle	"hippies
"	"many hippies in asheville nc
"	google
"why are hippies so
"	lifestyle	"hippies
"	"many hippies in colorado
"	google
"what makes geeks so
"	lifestyle	"geeks
"	"good
"	google
"why are goths so
"	lifestyle	"goths
"	"hot
"	google
"why are goths so
"	lifestyle	"goths
"	"nice
"	google
"why are goths so
"	lifestyle	"goths
"	"attractive
"	google
"why are punks so
"	lifestyle	"punks
"	"skinny
"	google
"why are californians so
"	lifestyle	"californians
"	"different
"	google
"why are californians so
"	lifestyle	"californians
"	"happy
"	google
"why are californians so
"	lifestyle	"californians
"	"attractive
"	google
"why are celebrities so
"	lifestyle	"celebrities
"	"skinny
"	google
"why are celebrities so
"	lifestyle	"celebrities
"	"short
"	google
"why are celebrities so
"	lifestyle	"celebrities
"	"tall
"	google
"why are celebrities so
"	lifestyle	"celebrities
"	"influential
"	google
"why are celebrities so
"	lifestyle	"celebrities
"	"rich
"	google
"why are celebrities so
"	lifestyle	"celebrities
"	"attractive
"	google
"why are celebrities so
"	lifestyle	"celebrities
"	"cool
"	google
"why are celebrities so
"	lifestyle	"celebrities
"	"unhappy
"	google
"why are celebrities so
"	lifestyle	"celebrities
"	"depressed
"	google
"why are celebrities so
"	lifestyle	"celebrities
"	"beautiful
"	google
"why are celebrities so
"	lifestyle	"celebrities
"	"pretty
"	google
"why are celebrities so
"	lifestyle	"celebrities
"	"important
"	google
"why are celebrities so
"	lifestyle	"celebrities
"	"thin
"	google
"why are celebrities so
"	lifestyle	"celebrities
"	"popular
"	google
"why are celebrities so
"	lifestyle	"celebrities
"	"small
"	google
"what makes celebrities so
"	lifestyle	"celebrities
"	"special
"	google
"why are redheads so
"	lifestyle	"redheads
"	"attractive
"	google
"why are redheads so
"	lifestyle	"redheads
"	"hot
"	google
"why are redheads so
"	lifestyle	"redheads
"	"rare
"	google
"why are redheads so
"	lifestyle	"redheads
"	"white
"	google
"why are redheads so
"	lifestyle	"redheads
"	"beautiful
"	google
"why are redheads so
"	lifestyle	"redheads
"	"pretty
"	google
"why are redheads so
"	lifestyle	"redheads
"	"fiery
"	google
"why are redheads so
"	lifestyle	"redheads
"	"different
"	google
"why are redheads so
"	lifestyle	"redheads
"	"special
"	google
"why are redheads so
"	lifestyle	"redheads
"	"cute
"	google
"why are redheads so
"	lifestyle	"redheads
"	"feisty
"	google
"why are redheads so
"	lifestyle	"redheads
"	"strong
"	google
"why are redheads so
"	lifestyle	"redheads
"	"unique
"	google
"why are redheads so
"	lifestyle	"redheads
"	"smart
"	google
"why are redheads so
"	lifestyle	"redheads
"	"tall
"	google
"what makes redheads so
"	lifestyle	"redheads
"	"special
"	google
"what makes redheads so
"	lifestyle	"redheads
"	"different
"	google
"why are gingers so
"	lifestyle	"gingers
"	"rare
"	google
"why are gingers so
"	lifestyle	"gingers
"	"strong
"	google
"why are gingers so
"	lifestyle	"gingers
"	"hot
"	google
"why are gingers so
"	lifestyle	"gingers
"	"special
"	google
"why are gingers so
"	lifestyle	"gingers
"	"pretty
"	google
